{"cameraMode":{"drawMode":0,"name":"Shaded","section":"Shading Mode"},"sceneLighting":false,"audioPlay":false,"sceneViewState":{"showFog":true,"showMaterialUpdate":false,"showSkybox":true,"showFlares":true,"showImageEffects":true,"showParticleSystems":true},"in2DMode":false,"pivot":{"x":-5.36627721786499,"y":-0.7452163696289063,"z":-4.365017414093018},"rotation":{"x":0.25322040915489199,"y":-0.7171152234077454,"z":0.5638440251350403,"w":0.32206347584724429},"size":21.25739097595215,"orthographic":false}