{"cameraMode":{"drawMode":0,"name":"Shaded","section":"Shading Mode"},"sceneLighting":false,"audioPlay":false,"sceneViewState":{"showFog":true,"showMaterialUpdate":false,"showSkybox":false,"showFlares":true,"showImageEffects":true,"showParticleSystems":true},"in2DMode":false,"pivot":{"x":4.759000778198242,"y":1.4831106662750245,"z":9.102347373962403},"rotation":{"x":-0.08694411814212799,"y":0.7179030776023865,"z":-0.09116001427173615,"w":-0.684657096862793},"size":12.147990226745606,"orthographic":false}