{"cameraMode":{"drawMode":0,"name":"Shaded","section":"Shading Mode"},"sceneLighting":false,"audioPlay":false,"sceneViewState":{"showFog":true,"showMaterialUpdate":false,"showSkybox":true,"showFlares":true,"showImageEffects":true,"showParticleSystems":true},"in2DMode":false,"pivot":{"x":8.914072036743164,"y":1.6990604400634766,"z":-3.28562068939209},"rotation":{"x":0.5558725595474243,"y":0.028659995645284654,"z":-0.019185014069080354,"w":0.830554723739624},"size":20.529239654541017,"orthographic":false}